<?xml version="1.0" encoding="utf-8" ?>
<dwsync>
<file name="glyphicons-halflings-regular.eot" server="C:/AppServ/www/Repair/" local="131139025820000000" remote="131139025820000000" Dst="0" />
<file name="glyphicons-halflings-regular.woff2" server="C:/AppServ/www/Repair/" local="131139025820000000" remote="131139025820000000" Dst="0" />
<file name="glyphicons-halflings-regular.woff" server="C:/AppServ/www/Repair/" local="131139025820000000" remote="131139025820000000" Dst="0" />
<file name="glyphicons-halflings-regular.ttf" server="C:/AppServ/www/Repair/" local="131139025820000000" remote="131139025820000000" Dst="0" />
<file name="glyphicons-halflings-regular.eot" server="C:/AppServ/www/iservice/" local="131139025820000000" remote="131139025820000000" Dst="0" />
<file name="glyphicons-halflings-regular.woff2" server="C:/AppServ/www/iservice/" local="131139025820000000" remote="131139025820000000" Dst="0" />
<file name="glyphicons-halflings-regular.woff" server="C:/AppServ/www/iservice/" local="131139025820000000" remote="131139025820000000" Dst="0" />
<file name="glyphicons-halflings-regular.ttf" server="C:/AppServ/www/iservice/" local="131139025820000000" remote="131139025820000000" Dst="0" />
</dwsync>